[{"name":"theme_info","theme_name":"Debut","theme_author":"Shopify","theme_version":"5.0.0","theme_documentation_url":"https:\/\/help.shopify.com\/manual\/using-themes\/themes-by-shopify\/debut","theme_support_url":"https:\/\/support.shopify.com\/"},{"name":{"en":"Colors","de":"Farben","fr":"Couleurs"},"settings":[{"type":"header","content":{"en":"Text and buttons","de":"Text und Buttons","fr":"Texte et boutons"}},{"type":"color","id":"color_text","label":{"en":"Headings and links","de":"Titel und Links","fr":"En-têtes et liens"},"default":"#3d4246"},{"type":"color","id":"color_body_text","label":{"en":"Body text","de":"Body-Text","fr":"Corps du texte"},"default":"#69727b"},{"type":"color","id":"color_sale_text","label":{"en":"Sale text","de":"Verkaufstext","fr":"Texte de vente"},"default":"#557B97"},{"type":"color","id":"color_borders","label":{"en":"Borders and lines","de":"Rahmen und Linien","fr":"Bordures et lignes"},"default":"#e8e9eb"},{"type":"color","id":"color_button","label":{"en":"Buttons","de":"Buttons","fr":"Boutons"},"default":"#557B97"},{"type":"color","id":"color_button_text","label":{"en":"Button text","de":"Button-Text","fr":"Texte des boutons"},"default":"#fff"},{"type":"color","id":"color_small_button","label":{"en":"Small buttons","de":"Kleine Buttons","fr":"Petits boutons"},"default":"#fff"},{"type":"color","id":"color_small_button_text","label":{"en":"Small button text","de":"Text auf kleinen Buttons","fr":"Texte des petits boutons"},"default":"#3d4246"},{"type":"color","id":"color_text_field","label":{"en":"Text fields","de":"Textfeld","fr":"Couleur de fond des champs de texte"},"default":"#fff"},{"type":"color","id":"color_text_field_text","label":{"en":"Text field text","de":"Text auf Textfeld","fr":"Couleur du texte des champs de texte"},"default":"#000"},{"type":"header","content":{"en":"Image overlays","de":"Text auf Fotos","fr":"Superposition d'image"}},{"type":"color","id":"color_image_overlay_text","label":{"en":"Text","de":"Textfarbe","fr":"Couleur du texte"},"default":"#fff"},{"type":"color","id":"color_image_overlay","label":{"en":"Background","de":"Schriftfarbe","fr":"Couleur de fond"},"default":"#3d4246"},{"type":"range","id":"image_overlay_opacity","label":{"en":"Opacity","de":"Opazität","fr":"Opacité"},"min":0,"max":100,"step":1,"unit":{"en":"%","de":"%","fr":" %"},"default":40},{"type":"header","content":{"en":"Background","de":"Schriftfarbe","fr":"Arrière-plan"}},{"type":"color","id":"color_body_bg","label":{"en":"Background","de":"Schriftfarbe","fr":"Couleur de fond"},"default":"#fff"}]},{"name":{"en":"Typography","de":"Typographie","fr":"Typographie"},"settings":[{"type":"header","content":{"en":"Headings and buttons","de":"Titel und Buttons","fr":"En-têtes et boutons"}},{"type":"font_picker","id":"type_header_font","label":{"en":"Font","de":"Schriftart","fr":"Police"},"default":"work_sans_n6"},{"type":"range","id":"type_header_base_size","label":{"en":"Heading base size","de":"Titelgröße","fr":"Dimensions de base de l'en-tête"},"default":26,"min":20,"max":36,"step":1,"unit":{"en":"px","de":"px","fr":" px"}},{"type":"header","content":{"en":"Body text","de":"Body-Text","fr":"Corps du texte"}},{"type":"font_picker","id":"type_base_font","label":{"en":"Font","de":"Schriftart","fr":"Police"},"default":"work_sans_n4"},{"type":"range","id":"type_base_size","label":{"en":"Base size","de":"Größe","fr":"Dimensions de base"},"default":16,"min":14,"max":20,"step":1,"unit":{"en":"px","de":"px","fr":" px"}},{"type":"checkbox","id":"type_bold_product_titles","label":{"en":"Bold product titles","de":"Produkttitel in fett","fr":"Titres de produits en gras"}}]},{"name":{"en":"Social media","de":"Social Media","fr":"Médias sociaux"},"settings":[{"type":"header","content":{"en":"Social sharing image","de":"Social-Media-Button","fr":"Image de partage social"}},{"type":"image_picker","id":"share_image","label":{"en":"Image","de":"Foto","fr":"Image"},"info":{"en":"Shown when sharing a link on social media. [Learn more](https:\/\/help.shopify.com\/manual\/using-themes\/troubleshooting\/showing-social-media-thumbnail-images\/) about image thumbnails.","de":"Wird gezeigt, wenn ein Link sozial geteilt wird. [Mehr erfahren](https:\/\/help.shopify.com\/manual\/using-themes\/troubleshooting\/showing-social-media-thumbnail-images\/)","fr":"Affichée lors du partage d'un lien sur les réseaux sociaux. [En savoir plus](https:\/\/help.shopify.com\/manual\/using-themes\/troubleshooting\/showing-social-media-thumbnail-images\/)."}},{"type":"header","content":{"en":"Social sharing options","de":"Teilen auf Social Media","fr":"Options de partage sur les médias sociaux"}},{"type":"checkbox","id":"share_facebook","label":{"en":"Share on Facebook","de":"Teilen auf Facebook","fr":"Partager sur Facebook"},"default":true},{"type":"checkbox","id":"share_twitter","label":{"en":"Tweet on Twitter","de":"Tweet auf Twitter","fr":"Tweeter sur Twitter"},"default":true},{"type":"checkbox","id":"share_pinterest","label":{"en":"Pin on Pinterest","de":"Pin auf Pinterest","fr":"Épingler sur Pinterest"},"default":true},{"type":"header","content":{"en":"Social accounts","de":"Social Media","fr":"Médias sociaux"}},{"type":"text","id":"social_twitter_link","label":{"en":"Twitter","de":"Twitter","fr":"Twitter"},"info":{"en":"https:\/\/twitter.com\/shopify","de":"https:\/\/twitter.com\/shopify","fr":"https:\/\/twitter.com\/shopify"}},{"type":"text","id":"social_facebook_link","label":{"en":"Facebook","de":"Facebook","fr":"Facebook"},"info":{"en":"https:\/\/facebook.com\/shopify","de":"https:\/\/facebook.com\/shopify","fr":"https:\/\/facebook.com\/shopify"}},{"type":"text","id":"social_pinterest_link","label":{"en":"Pinterest","de":"Pinterest","fr":"Pinterest"},"info":{"en":"https:\/\/pinterest.com\/shopify","de":"https:\/\/pinterest.com\/shopify","fr":"https:\/\/pinterest.com\/shopify"}},{"type":"text","id":"social_instagram_link","label":{"en":"Instagram","de":"Instagram","fr":"Instagram"},"info":{"en":"http:\/\/instagram.com\/shopify","de":"http:\/\/instagram.com\/shopify","fr":"http:\/\/instagram.com\/shopify"}},{"type":"text","id":"social_tumblr_link","label":{"en":"Tumblr","de":"Tumblr","fr":"Tumblr"},"info":{"en":"http:\/\/shopify.tumblr.com","de":"http:\/\/shopify.tumblr.com","fr":"http:\/\/shopify.tumblr.com"}},{"type":"text","id":"social_snapchat_link","label":{"en":"Snapchat","de":"Snapchat","fr":"Snapchat"},"info":{"en":"https:\/\/www.snapchat.com\/add\/shopify","de":"https:\/\/www.snapchat.com\/add\/shopify","fr":"https:\/\/www.snapchat.com\/add\/shopify"}},{"type":"text","id":"social_youtube_link","label":{"en":"YouTube","de":"YouTube","fr":"YouTube"},"info":{"en":"https:\/\/www.youtube.com\/shopify","de":"https:\/\/www.youtube.com\/shopify","fr":"https:\/\/www.youtube.com\/shopify"}},{"type":"text","id":"social_vimeo_link","label":{"en":"Vimeo","de":"Vimeo","fr":"Vimeo"},"info":{"en":"https:\/\/vimeo.com\/shopify","de":"https:\/\/vimeo.com\/shopify","fr":"https:\/\/vimeo.com\/shopify"}}]},{"name":{"en":"Favicon","de":"Favicon","fr":"Favicon"},"settings":[{"type":"image_picker","id":"favicon","label":{"en":"Favicon image","de":"Favicon-Foto","fr":"Image favicon"},"info":{"en":"Will be scaled down to 32 x 32px","de":"Wird in der Größe 32 x 32 px angezeigt","fr":"L'image sera réduite à 32 x 32 px"}}]},{"name":"Color Swatches","settings":[{"type":"text","id":"color_code1","label":"Color Code 1"},{"type":"color","id":"color1","label":"Color 1"},{"type":"text","id":"color_code2","label":"Color Code 2"},{"type":"color","id":"color2","label":"Color 2"},{"type":"text","id":"color_code3","label":"Color Code 3"},{"type":"color","id":"color3","label":"Color 3"},{"type":"text","id":"color_code4","label":"Color Code 4"},{"type":"color","id":"color4","label":"Color 4"},{"type":"text","id":"color_code5","label":"Color Code 5"},{"type":"color","id":"color5","label":"Color 5"}]},{"name":"Currency","settings":[{"type":"paragraph","content":"To offer multiple currencies on your online store, you must first [edit your store's currency formatting]({{ site.url }}\/manual\/using-themes\/change-the-layout\/help-script-find-money-formats)."},{"type":"checkbox","id":"show_multiple_currencies","label":"Enable currency conversion","default":true,"info":"Even though prices are displayed in different currencies, orders will still be processed in your store's currency."},{"type":"select","id":"currency_format","label":"Format","options":[{"value":"money_format","label":"Without currency ($10.00)"},{"value":"money_with_currency_format","label":"With currency ($10.00 CAD)"}],"default":"money_with_currency_format"},{"type":"text","id":"supported_currencies","label":"Supported currencies","default":"INR GBP CAD USD AUD EUR JPY","info":"Use the country's ISO [currency code](http:\/\/www.xe.com\/iso4217.php). Separate your currency codes with a space."},{"type":"text","id":"default_currency","label":"Default currency","default":"USD"}]}]